hypothesis_id,predictor,outcome,regime,imbalance_level,n_settings,pearson_r,pearson_p,pearson_ci_lo,pearson_ci_hi,spearman_r,spearman_p,mixed_beta,mixed_ci_lo,mixed_ci_hi,decision
H1,kl_val_S,gap_top_random_balanced,trainbal,all,14,-0.0010536742934787457,0.9971476760381244,-0.5313361291026657,0.5298220294548867,-0.14412983742152422,0.6230126375961935,-0.000512965905477233,-0.003317007943542276,0.00229107613258781,reject
H1_strat,kl_val_S,gap_top_random_balanced,trainbal,mild,14,-0.0010536742934787457,0.9971476760381244,-0.5313361291026657,0.5298220294548867,-0.14412983742152422,0.6230126375961935,,,,reject
H2,max_P_train,A1-LR balanced acc gap,valbal,all,21,0.7090529625830571,0.0003198562281076738,0.3997142272059748,0.8734013727780434,0.7192949719577717,0.00023795626156037267,0.254725805930414,0.18777920075017915,0.3216724111106488,confirm
H2_strat,max_P_train,A1-LR balanced acc gap,valbal,mild,14,0.4772508652076395,0.08440450466289581,-0.07141139760344453,0.8041929975560257,0.5801781944978364,0.029625951281573422,,,,partial
H2_strat,max_P_train,A1-LR balanced acc gap,valbal,extreme,7,0.8011362573972383,0.03033436078159864,0.12119588920947363,0.9693708460296983,0.6123724356957946,0.14381080871160368,,,,partial
